"method","parameter","N_success","Mean_Estimate","Bias","MC_SD","RMSE","Avg_SE","SE_MC_Ratio","Coverage","Avg_CI_Width","Mean_ESS","Mean_Max_Weight","Max_Weight_Overall","Supervised_MC_SD","ARE"
"Supervised","(Intercept)",1000,3.60819946491244,0.00998164974573145,0.206948582434573,0.207085782678469,0.208457218724511,1.00728990878889,0.958,0.817137282034859,NA,NA,NA,0.206948582434573,1
"Supervised","X1",1000,5.63391864695568,-0.0162895622036211,0.332713714790104,0.332946042821065,0.208736382173928,0.627375346716958,0.791,0.818231582648176,NA,NA,NA,0.332713714790104,1
"Supervised","X2",1000,5.62947363099765,-0.016920713203528,0.313171482160701,0.313471866994165,0.208544355887019,0.665911067151402,0.808,0.817478853435321,NA,NA,NA,0.313171482160701,1
"Supervised","X3",1000,5.64556985228609,-0.0046884107762242,0.326767750044303,0.326637974678624,0.208454623413276,0.637928998149341,0.799,0.817127108601763,NA,NA,NA,0.326767750044303,1
"Supervised","X4",1000,5.633880738991,-0.0175073623259142,0.319069103711428,0.319389723669816,0.208597081102693,0.653767722027239,0.806,0.817685532482918,NA,NA,NA,0.319069103711428,1
"PI","(Intercept)",1000,3.60779317962879,0.00957536446207424,0.207685554007786,0.207802414949295,NA,NA,NA,NA,NA,NA,NA,0.206948582434573,0.992915597755413
"PI","X1",1000,5.63268686339941,-0.0175213457598895,0.29993474908731,0.300296337662641,NA,NA,NA,NA,NA,NA,NA,0.332713714790104,1.23051762454587
"PI","X2",1000,5.62255057147848,-0.0238437727226972,0.287203678035851,0.288048593508622,NA,NA,NA,NA,NA,NA,NA,0.313171482160701,1.18900702550407
"PI","X3",1000,5.63969195715306,-0.0105663059092546,0.300785244398522,0.300820441966963,NA,NA,NA,NA,NA,NA,NA,0.326767750044303,1.1802263892709
"PI","X4",1000,5.6287584194541,-0.022629681862816,0.291180889179491,0.291913731116485,NA,NA,NA,NA,NA,NA,NA,0.319069103711428,1.20072559679766
"EASE","(Intercept)",1000,3.60948566686364,0.0112678516969263,0.210854115791126,0.211049669911553,NA,NA,NA,NA,NA,NA,NA,0.206948582434573,0.963298194750424
"EASE","X1",1000,5.64437842753652,-0.00582978162278405,0.342240325357296,0.342118836391884,NA,NA,NA,NA,NA,NA,NA,0.332713714790104,0.945102792500849
"EASE","X2",1000,5.63830522861053,-0.00808911559065453,0.324818924570089,0.324757232738779,NA,NA,NA,NA,NA,NA,NA,0.313171482160701,0.929569289115752
"EASE","X3",1000,5.65275300163212,0.00249473856979781,0.33895633807142,0.33879600269218,NA,NA,NA,NA,NA,NA,NA,0.326767750044303,0.929374725070744
"EASE","X4",1000,5.6386319444663,-0.0127561568506158,0.329567996379497,0.329650070090931,NA,NA,NA,NA,NA,NA,NA,0.319069103711428,0.937301779065516
"PSSE","(Intercept)",1000,3.59865924550677,0.000441430340056177,0.139505098553008,0.139436027304665,0.142301687467094,1.02004649968419,0.949,0.557812364749557,NA,NA,NA,0.206948582434573,2.20061845777333
"PSSE","X1",1000,5.63111962966345,-0.0190885794958548,0.245958432338565,0.246575401764198,0.257554550515493,1.04714665834659,0.955,1.00959528612954,NA,NA,NA,0.332713714790104,1.82986046423478
"PSSE","X2",1000,5.63531356742854,-0.011080776772643,0.247125723890542,0.247250552878859,0.258910265635324,1.04768642276189,0.953,1.01490959174587,NA,NA,NA,0.313171482160701,1.60593700860595
"PSSE","X3",1000,5.64202593053254,-0.0082323325297817,0.248688311416287,0.248700224482669,0.257108777929291,1.03385951862816,0.955,1.00784788970104,NA,NA,NA,0.326767750044303,1.72650415790282
"PSSE","X4",1000,5.64142862322191,-0.00995947809500295,0.254145262781637,0.254213327706628,0.255021475673461,1.00344768532073,0.945,0.999665815208483,NA,NA,NA,0.319069103711428,1.57617874555911
"ET","(Intercept)",1000,3.60073357334134,0.0025157581746289,0.142894104168012,0.142844794515467,0.142984185653023,1.00063040729032,0.946,0.560487708477427,993.735497510039,4.01244155294666,8.33005499390898,0.206948582434573,2.09747257770205
"ET","X1",1000,5.63922872494878,-0.0109794842105227,0.22090767990612,0.221070015859212,0.212426335257997,0.961606836612802,0.944,0.832695932947012,993.735497510039,4.01244155294666,8.33005499390898,0.332713714790104,2.26840072602323
"ET","X2",1000,5.6498564440945,0.00346209989332036,0.218156952993226,0.218075330605781,0.214710080587781,0.984200034158195,0.955,0.841648050139487,993.735497510039,4.01244155294666,8.33005499390898,0.313171482160701,2.06075469086298
"ET","X3",1000,5.6474536696316,-0.00280459343071625,0.213853988690945,0.213765433816741,0.213015964363181,0.9960813247726,0.952,0.835007236567804,993.735497510039,4.01244155294666,8.33005499390898,0.326767750044303,2.33476764247446
"ET","X4",1000,5.64765280718068,-0.00373529413623402,0.228098772277231,0.2280152917827,0.212086317328248,0.929800345748808,0.933,0.831363087154198,993.735497510039,4.01244155294666,8.33005499390898,0.319069103711428,1.95669713574909
"HD","(Intercept)",1000,3.60100417979932,0.00278636463261327,0.143088384212769,0.143043962608669,0.143064688769242,0.99983439995037,0.949,0.560803274894292,993.604848051765,4.20191301190063,9.7388386026656,0.206948582434573,2.09178070513823
"HD","X1",1000,5.64011827641695,-0.0100899327423499,0.221831794475873,0.221950315246658,0.212612770609958,0.958441377225941,0.943,0.833426746097586,993.604848051765,4.20191301190063,9.7388386026656,0.332713714790104,2.24954052769003
"HD","X2",1000,5.65063658885803,0.0042422446568503,0.218755550930162,0.218687296639344,0.214852238645058,0.982156739481552,0.955,0.842205299484238,993.604848051765,4.20191301190063,9.7388386026656,0.313171482160701,2.04949211258277
"HD","X3",1000,5.64825313649473,-0.00200512656758324,0.21444149601174,0.214343627358252,0.213218329238727,0.994296035068951,0.951,0.835800492303417,993.604848051765,4.20191301190063,9.7388386026656,0.326767750044303,2.32199199888153
"HD","X4",1000,5.64830523169138,-0.00308286962553679,0.228517969656074,0.228424486599853,0.212241326769839,0.92877302861245,0.933,0.831970712999764,993.604848051765,4.20191301190063,9.7388386026656,0.319069103711428,1.94952492099263
"CE","(Intercept)",1000,3.60164315310715,0.00342533794043724,0.143623784195497,0.143592815054425,0.143357785532936,0.998147948377415,0.95,0.561952193095943,992.972088347989,4.75955768180457,13.3640007896624,0.206948582434573,2.0762143153837
"CE","X1",1000,5.64221807335236,-0.00799013580694077,0.224360253562497,0.224390347665542,0.213326458043259,0.950821077512444,0.943,0.836224349428564,992.972088347989,4.75955768180457,13.3640007896624,0.332713714790104,2.19912321026962
"CE","X2",1000,5.65255042187279,0.0061560776716041,0.220371957452864,0.220347754978974,0.215427144103153,0.977561512785632,0.952,0.844458887468998,992.972088347989,4.75955768180457,13.3640007896624,0.313171482160701,2.01953673276626
"CE","X3",1000,5.65011762655568,-0.000140636506633413,0.215827347224625,0.215719452402503,0.21392703851829,0.991195236698355,0.951,0.838578581630322,992.972088347989,4.75955768180457,13.3640007896624,0.326767750044303,2.29226820243065
"CE","X4",1000,5.64977357383469,-0.00161452748222647,0.22968455020935,0.22957535649816,0.212769538258332,0.926355464764171,0.932,0.834041263987094,992.972088347989,4.75955768180457,13.3640007896624,0.319069103711428,1.92977172237938
