"Scenario","Method","Parameter","N_Estimate","N_Variance","Mean_Estimate","Bias","MC_SD","Mean_Analytic_SE","SE_to_MCSD","RMSE","Coverage","Mean_CI_Width","Mean_ESS","Mean_MaxWeight","Median_MaxWeight","P95_MaxWeight","Estimator_Failure_Rate","Variance_Failure_Rate","Lambda_Failure_Rate","Mean_Calibration_Residual"
"OR1PS1","AIPW","beta0",1000,1000,0.997187988371155,-0.0281201162884481,0.493292642551457,0.499678386627952,1.01294514356319,0.493847177276817,0.95,1.95870328328773,503.704462736016,10.8187466111228,9.27954386441954,21.1697964797129,0,0,NA,NA
"OR1PS1","AIPW","beta1",1000,1000,0.998639506914318,-0.0136049308568242,0.438826620994483,0.407274982898956,0.928099990779904,0.438818104268456,0.936,1.59648859657224,503.704462736016,10.8187466111228,9.27954386441954,21.1697964797129,0,0,NA,NA
"OR1PS1","AIPW","beta2",1000,1000,2.00676293343945,0.0676293343944714,0.726255402687118,0.723402844753965,0.996072238605595,0.729035794658215,0.949,2.83568704406318,503.704462736016,10.8187466111228,9.27954386441954,21.1697964797129,0,0,NA,NA
"OR1PS1","CC","beta0",1000,1000,1.20561938208014,2.05619382080136,0.580918140976394,0.610826315189147,1.05148431784637,2.13660044213481,0.066,2.39439515716008,NA,NA,NA,NA,0,0,NA,NA
"OR1PS1","CC","beta1",1000,1000,0.921265735430847,-0.78734264569153,0.434979999226112,0.417377577240604,0.959532801469434,0.899403598976321,0.533,1.63609003869233,NA,NA,NA,NA,0,0,NA,NA
"OR1PS1","CC","beta2",1000,1000,1.92331761901136,-0.76682380988638,0.763338766234624,0.785511316896188,1.02904680286439,1.0817218410355,0.838,3.07914778113031,NA,NA,NA,NA,0,0,NA,NA
"OR1PS1","CE","beta0",1000,1000,0.997190451663198,-0.0280954833680225,0.491509256306976,0.495987978784755,1.00911218338273,0.492066178346047,0.948,1.94423715036587,488.114280209917,12.8685228915256,10.9365006202797,26.8832266380899,0.995,0,0,1.14424520219058e-05
"OR1PS1","CE","beta1",1000,1000,0.998285337089575,-0.0171466291042494,0.441294884135159,0.405698918737029,0.919337461915313,0.441407340762179,0.932,1.59031053858284,488.114280209917,12.8685228915256,10.9365006202797,26.8832266380899,0.995,0,0,1.14424520219058e-05
"OR1PS1","CE","beta2",1000,1000,2.00704703423337,0.0704703423337297,0.727378500444011,0.712995697564165,0.980226521857511,0.730422119444574,0.945,2.79489177671555,488.114280209917,12.8685228915256,10.9365006202797,26.8832266380899,0.995,0,0,1.14424520219058e-05
"OR1PS1","ET","beta0",1000,1000,0.998991616929772,-0.0100838307022786,0.501881886027821,0.504380698513802,1.00497888558154,0.50173222513304,0.955,1.97713600716841,505.71533604903,10.2405979569876,9.5995191322893,16.0472188241617,0,0,0,9.11692158942983e-07
"OR1PS1","ET","beta1",1000,1000,0.998461867019064,-0.015381329809362,0.433713917651524,0.399767604801949,0.921731096310241,0.43376980059586,0.931,1.56706021519532,505.71533604903,10.2405979569876,9.5995191322893,16.0472188241617,0,0,0,9.11692158942983e-07
"OR1PS1","ET","beta2",1000,1000,2.00335821728536,0.0335821728535907,0.740297159394669,0.738509341437395,0.99758499957134,0.740688603029084,0.945,2.89490342292737,505.71533604903,10.2405979569876,9.5995191322893,16.0472188241617,0,0,0,9.11692158942983e-07
"OR1PS1","Full","beta0",1000,1000,0.998463009782766,-0.0153699021723443,0.443232143540494,0.448083021882722,1.01094432886451,0.443277015225492,0.96,1.75645316994801,NA,NA,NA,NA,0,0,NA,NA
"OR1PS1","Full","beta1",1000,1000,0.999252413914673,-0.00747586085326523,0.323623592843833,0.316908498718955,0.979250294869205,0.323548120239947,0.942,1.24225848776762,NA,NA,NA,NA,0,0,NA,NA
"OR1PS1","Full","beta2",1000,1000,2.00235965089212,0.0235965089212468,0.617968837830723,0.63334754364726,1.02488589209534,0.618110341507562,0.953,2.48267675049108,NA,NA,NA,NA,0,0,NA,NA
"OR1PS1","HD","beta0",1000,1000,0.996260984374796,-0.0373901562520427,0.489987821400162,0.495059942427452,1.01035152468238,0.491167996555057,0.948,1.94059931469256,503.540291920232,10.615632205807,9.77771805411002,17.8924978478642,0,0,0,9.0433951820064e-07
"OR1PS1","HD","beta1",1000,1000,0.998400777551728,-0.0159922244827196,0.436900934338043,0.403517485630645,0.923590347184819,0.436975165476181,0.937,1.58175947793645,503.540291920232,10.615632205807,9.77771805411002,17.8924978478642,0,0,0,9.0433951820064e-07
"OR1PS1","HD","beta2",1000,1000,2.00883542944679,0.0883542944678577,0.717344833902658,0.710857922850494,0.990957053364597,0.722409515764444,0.942,2.78651185382384,503.540291920232,10.615632205807,9.77771805411002,17.8924978478642,0,0,0,9.0433951820064e-07
"OR1PS1","IPW","beta0",1000,1000,1.00019478092516,0.00194780925164602,0.649685331524613,0.647299615966596,0.996327890684528,0.64936332890696,0.947,2.53736786900227,503.704462736016,10.8187466111228,9.27954386441954,21.1697964797129,0,0,NA,NA
"OR1PS1","IPW","beta1",1000,1000,0.996455212049297,-0.0354478795070329,0.553579230700118,0.501008403679834,0.905034683194676,0.554436711320072,0.933,1.96391685432876,503.704462736016,10.8187466111228,9.27954386441954,21.1697964797129,0,0,NA,NA
"OR1PS1","IPW","beta2",1000,1000,2.00328833261914,0.0328833261913744,0.897888615033698,0.894023525409455,0.995695357353319,0.8980417997975,0.953,3.50450782226812,503.704462736016,10.8187466111228,9.27954386441954,21.1697964797129,0,0,NA,NA
"OR1PS2","AIPW","beta0",1000,1000,0.997262921885939,-0.0273707811406106,0.553470893043791,0.554735793540204,1.00228539659865,0.553870796375375,0.964,2.17452435254809,436.57088251503,2.62350641615177,2.59488499103995,3.02382189961008,0,0,NA,NA
"OR1PS2","AIPW","beta1",1000,1000,0.99824436187435,-0.0175563812565039,0.407401547612932,0.398865380422952,0.979047288258976,0.407576092894614,0.953,1.56352356061771,436.57088251503,2.62350641615177,2.59488499103995,3.02382189961008,0,0,NA,NA
"OR1PS2","AIPW","beta2",1000,1000,2.00384148624416,0.0384148624416258,0.753650079283163,0.770066862233037,1.02178303088018,0.754252050191395,0.96,3.01860663132904,436.57088251503,2.62350641615177,2.59488499103995,3.02382189961008,0,0,NA,NA
"OR1PS2","CC","beta0",1000,1000,0.997649272917554,-0.0235072708244567,0.6674818822038,0.678215659502466,1.01608100172431,0.667562074109121,0.947,2.65855653275183,NA,NA,NA,NA,0,0,NA,NA
"OR1PS2","CC","beta1",1000,1000,0.996548517686854,-0.0345148231314569,0.495114011506779,0.480823493827882,0.971136915242196,0.49606856332743,0.948,1.88479346164673,NA,NA,NA,NA,0,0,NA,NA
"OR1PS2","CC","beta2",1000,1000,2.00138175328048,0.0138175328048264,0.941115715222337,0.959218762809663,1.01923572977745,0.940746519983904,0.952,3.76006845680402,NA,NA,NA,NA,0,0,NA,NA
"OR1PS2","CE","beta0",1000,1000,0.997301741385345,-0.0269825861465511,0.546308484995906,0.546679757109926,1.00067960158815,0.546701534452666,0.961,2.14294527002512,435.235366469933,3.20609044945699,3.0223466714388,4.64198218868417,1,0,0,2.10587557646461e-06
"OR1PS2","CE","beta1",1000,1000,0.998250270400163,-0.0174972959983728,0.407180386763132,0.399013106766765,0.979941862963263,0.407352705728664,0.952,1.56410263724459,435.235366469933,3.20609044945699,3.0223466714388,4.64198218868417,1,0,0,2.10587557646461e-06
"OR1PS2","CE","beta2",1000,1000,2.00378673270019,0.0378673270019296,0.731411352154772,0.746563643834558,1.02071651148857,0.732025640226544,0.954,2.92647570816544,435.235366469933,3.20609044945699,3.0223466714388,4.64198218868417,1,0,0,2.10587557646461e-06
"OR1PS2","ET","beta0",1000,1000,0.996934358895055,-0.0306564110494505,0.546771121049769,0.546924582767533,1.00028066902559,0.54735684493175,0.96,2.14390496896792,435.332263432751,3.01434596639425,2.91661973293617,3.91835095316419,0,0,0,6.51362708521269e-07
"OR1PS2","ET","beta1",1000,1000,0.998247975334594,-0.0175202466540634,0.407358779573582,0.398586465485697,0.978465385974822,0.407531830858893,0.952,1.56243023415417,435.332263432751,3.01434596639425,2.91661973293617,3.91835095316419,0,0,0,6.51362708521269e-07
"OR1PS2","ET","beta2",1000,1000,2.0045147237132,0.0451472371319699,0.732566363542935,0.747780908477228,1.02076882817921,0.733590551014784,0.954,2.93124729788402,435.332263432751,3.01434596639425,2.91661973293617,3.91835095316419,0,0,0,6.51362708521269e-07
"OR1PS2","Full","beta0",1000,1000,0.998463009782766,-0.0153699021723443,0.443232143540494,0.448083021882722,1.01094432886451,0.443277015225492,0.96,1.75645316994801,NA,NA,NA,NA,0,0,NA,NA
"OR1PS2","Full","beta1",1000,1000,0.999252413914673,-0.00747586085326523,0.323623592843833,0.316908498718955,0.979250294869205,0.323548120239947,0.942,1.24225848776762,NA,NA,NA,NA,0,0,NA,NA
"OR1PS2","Full","beta2",1000,1000,2.00235965089212,0.0235965089212468,0.617968837830723,0.63334754364726,1.02488589209534,0.618110341507562,0.953,2.48267675049108,NA,NA,NA,NA,0,0,NA,NA
"OR1PS2","HD","beta0",1000,1000,0.997040598315649,-0.0295940168435122,0.546555497193739,0.546770567606422,1.00039350150861,0.547083169576726,0.961,2.14330124063022,435.316109370299,3.05887804511645,2.94140587050968,4.07579176026389,0,0,0,8.12433165413597e-07
"OR1PS2","HD","beta1",1000,1000,0.998248252636705,-0.0175174736329501,0.407280725327235,0.398710431889221,0.978957282029175,0.407453768563179,0.952,1.56291617352657,435.316109370299,3.05887804511645,2.94140587050968,4.07579176026389,0,0,0,8.12433165413597e-07
"OR1PS2","HD","beta2",1000,1000,2.00430422973675,0.0430422973674816,0.732029698289565,0.747196443684402,1.02071875694426,0.732928544307972,0.954,2.92895623799568,435.316109370299,3.05887804511645,2.94140587050968,4.07579176026389,0,0,0,8.12433165413597e-07
"OR1PS2","IPW","beta0",1000,1000,0.998280264165929,-0.017197358340712,0.626131519193135,0.626770574591265,1.00102064083749,0.626054620445912,0.946,2.45689550553671,436.57088251503,2.62350641615177,2.59488499103995,3.02382189961008,0,0,NA,NA
"OR1PS2","IPW","beta1",1000,1000,0.996641323701579,-0.033586762984214,0.496364488680143,0.478077110531951,0.963157360034319,0.497251846215612,0.942,1.8740278369512,436.57088251503,2.62350641615177,2.59488499103995,3.02382189961008,0,0,NA,NA
"OR1PS2","IPW","beta2",1000,1000,2.00212779933163,0.0212779933162964,0.943777647538994,0.956009539472915,1.01296056541053,0.943545592298439,0.952,3.74748853248727,436.57088251503,2.62350641615177,2.59488499103995,3.02382189961008,0,0,NA,NA
"OR2PS1","AIPW","beta0",1000,1000,0.492972941218929,-0.0702705878107091,3.18259058709805,2.64333714060922,0.830561477597867,3.18177496340506,0.955,10.3616911891823,305.34204996684,25.7366517031978,18.7109872075874,58.5689958787811,0,0,NA,NA
"OR2PS1","AIPW","beta1",1000,1000,0.78544692458538,-0.0955307541462048,2.35509852329091,1.77510457734938,0.753728372632548,2.35585837654566,0.949,6.95828208079394,305.34204996684,25.7366517031978,18.7109872075874,58.5689958787811,0,0,NA,NA
"OR2PS1","AIPW","beta2",1000,1000,1.02940519893951,0.294051989395116,5.79459359320385,4.8745613198885,0.841225746289713,5.79915547023495,0.934,19.107929254827,305.34204996684,25.7366517031978,18.7109872075874,58.5689958787811,0,0,NA,NA
"OR2PS1","CC","beta0",1000,1000,1.84303181417668,13.4303181417668,1.5284886319787,1.61896009818413,1.05919014660143,13.5169296295297,0,6.34620696969666,NA,NA,NA,NA,0,0,NA,NA
"OR2PS1","CC","beta1",1000,1000,0.405585973344817,-3.89414026655183,1.31814844866416,1.11802933636503,0.848181657762496,4.11097387889578,0.099,4.38259446586936,NA,NA,NA,NA,0,0,NA,NA
"OR2PS1","CC","beta2",1000,1000,0.756791207837967,-2.43208792162033,2.07594915076829,2.15927545718516,1.04013889568828,3.19692148326957,0.802,8.46420425756834,NA,NA,NA,NA,0,0,NA,NA
"OR2PS1","CE","beta0",1000,1000,0.518173490177166,0.181734901771659,2.11220736801024,1.63212680076684,0.772711441824174,2.11895873485852,0.86,6.39781949541116,236.927855917907,38.8742099389845,34.2133693198872,78.6144998960185,1,0,0,0.000135626283637171
"OR2PS1","CE","beta1",1000,1000,0.788925454065811,-0.0607454593418872,1.10073730202338,1.04556843337758,0.949880077158841,1.10186251242534,0.938,4.09855294558405,236.927855917907,38.8742099389845,34.2133693198872,78.6144998960185,1,0,0,0.000135626283637171
"OR2PS1","CE","beta2",1000,1000,0.978642549077205,-0.213574509227947,4.25629099610806,2.98733002518766,0.701862261748378,4.25952005529953,0.82,11.7101185186059,236.927855917907,38.8742099389845,34.2133693198872,78.6144998960185,1,0,0,0.000135626283637171
"OR2PS1","ET","beta0",1000,1000,0.512250729283976,0.122507292839764,1.79994289063096,1.69477157711885,0.941569638648233,1.80320898731188,0.935,6.64338250635018,296.801286004071,22.9668488733623,21.6069379985362,37.9003303521427,0.259,0,0,2.2202228146893e-06
"OR2PS1","ET","beta1",1000,1000,0.792813316287578,-0.0218668371242198,1.08058069540791,1.0489769920074,0.970753037200439,1.08026160869244,0.945,4.11191424989131,296.801286004071,22.9668488733623,21.6069379985362,37.9003303521427,0.259,0,0,2.2202228146893e-06
"OR2PS1","ET","beta2",1000,1000,0.98599860469305,-0.140013953069497,3.4634642383221,3.16651120600983,0.914261267944799,3.46456243307291,0.905,12.4124958408435,296.801286004071,22.9668488733623,21.6069379985362,37.9003303521427,0.259,0,0,2.2202228146893e-06
"OR2PS1","Full","beta0",1000,1000,0.499188477718058,-0.00811522281941607,1.22214446936929,1.20879358538145,0.989075854514375,1.22156020062351,0.943,4.73838378418136,NA,NA,NA,NA,0,0,NA,NA
"OR2PS1","Full","beta1",1000,1000,0.797610201768815,0.0261020176881545,1.02178038451451,0.854822749046468,0.836601252090616,1.02160287507026,0.898,3.3508436025932,NA,NA,NA,NA,0,0,NA,NA
"OR2PS1","Full","beta2",1000,1000,0.999207776912554,-0.00792223087445786,1.66988020106141,1.70858574776427,1.02317863681374,1.66906385370753,0.963,6.69753306023281,NA,NA,NA,NA,0,0,NA,NA
"OR2PS1","HD","beta0",1000,1000,0.505202905224231,0.052029052242311,1.85036833930859,1.68179799349201,0.908899032567989,1.85017462700193,0.924,6.59252699303214,285.02444057463,25.1572801769783,23.6528428898482,40.6479691137521,0.789,0,0,5.25209420266981e-06
"OR2PS1","HD","beta1",1000,1000,0.792295532163936,-0.0270446783606411,1.08092091643303,1.04788394794617,0.969436276063673,1.08071876646169,0.944,4.10762959590427,285.02444057463,25.1572801769783,23.6528428898482,40.6479691137521,0.789,0,0,5.25209420266981e-06
"OR2PS1","HD","beta2",1000,1000,1.00104321780634,0.0104321780634396,3.59506334083118,3.13115312328253,0.87095909763821,3.59328050317573,0.888,12.2738947034277,285.02444057463,25.1572801769783,23.6528428898482,40.6479691137521,0.789,0,0,5.25209420266981e-06
"OR2PS1","IPW","beta0",1000,1000,0.550884614019737,0.508846140197367,2.5879518692235,2.25317091829465,0.870638648689666,2.63623249675247,0.887,8.8322677017411,305.34204996684,25.7366517031978,18.7109872075874,58.5689958787811,0,0,NA,NA
"OR2PS1","IPW","beta1",1000,1000,0.710203455013188,-0.847965449868122,2.58624830759069,1.83449411579453,0.709326366849715,2.72048470541138,0.798,7.19108479361585,305.34204996684,25.7366517031978,18.7109872075874,58.5689958787811,0,0,NA,NA
"OR2PS1","IPW","beta2",1000,1000,0.983239400225901,-0.167605997740988,3.7465472519666,3.41530891503496,0.911588373332866,3.74842253026337,0.93,13.3877649390942,305.34204996684,25.7366517031978,18.7109872075874,58.5689958787811,0,0,NA,NA
"OR2PS2","AIPW","beta0",1000,1000,0.499767589216701,-0.00232410783299389,1.49719750683506,1.54680281687892,1.0331321083674,1.49645052560246,0.966,6.06335562453556,436.579150566318,2.66442753858611,2.6191288373788,3.16935444193696,0,0,NA,NA
"OR2PS2","AIPW","beta1",1000,1000,0.797783222081369,0.0278322208136929,1.03823216072436,1.03552091149949,0.99738859059907,1.03808608798029,0.946,4.05916738355419,436.579150566318,2.66442753858611,2.6191288373788,3.16935444193696,0,0,NA,NA
"OR2PS2","AIPW","beta2",1000,1000,0.998349217796946,-0.0165078220305436,2.46058264948894,2.5489253097609,1.03590314687877,2.45940745224926,0.942,9.99160361282792,436.579150566318,2.66442753858611,2.6191288373788,3.16935444193696,0,0,NA,NA
"OR2PS2","CC","beta0",1000,1000,0.496689528262705,-0.033104717372946,1.77427230174437,1.82917835886074,1.03094567675007,1.7736939084433,0.962,7.17024740933428,NA,NA,NA,NA,0,0,NA,NA
"OR2PS2","CC","beta1",1000,1000,0.793947882296003,-0.0105211770399747,1.54938830239016,1.2965267434238,0.836799104152079,1.54864915414635,0.902,5.0822914442073,NA,NA,NA,NA,0,0,NA,NA
"OR2PS2","CC","beta2",1000,1000,0.998490651659662,-0.015093483403378,2.49709957342923,2.58704385101253,1.03601949979903,2.49589634932664,0.946,10.1410255488207,NA,NA,NA,NA,0,0,NA,NA
"OR2PS2","CE","beta0",1000,1000,0.50040700579475,0.00407005794749527,1.50124505048883,1.54352341359875,1.02816219983284,1.50049976017568,0.965,6.05050059989574,435.303781889354,3.27453610356504,2.99487226812146,5.00567795069353,1,0,0,2.4645011080471e-05
"OR2PS2","CE","beta1",1000,1000,0.797886157099304,0.028861570993038,1.03844798406233,1.03579872343052,0.997448826833437,1.03832982797746,0.947,4.06025638631277,435.303781889354,3.27453610356504,2.99487226812146,5.00567795069353,1,0,0,2.4645011080471e-05
"OR2PS2","CE","beta2",1000,1000,0.996984401370712,-0.0301559862928796,2.47167690091578,2.54093331033215,1.02802000916491,2.47062479938323,0.942,9.96027555073829,435.303781889354,3.27453610356504,2.99487226812146,5.00567795069353,1,0,0,2.4645011080471e-05
"OR2PS2","ET","beta0",1000,1000,0.500156452536537,0.00156452536537117,1.50044992052043,1.54397617831213,1.02900880409031,1.49970032398656,0.965,6.05227540495913,435.445159448372,3.05218925765945,2.91725674189357,4.0857903428777,0.263,0,0,2.70140985035835e-06
"OR2PS2","ET","beta1",1000,1000,0.797848684424542,0.028486844245422,1.03821495480199,1.03565405636251,0.997533363945839,1.03808665456078,0.947,4.05968930182667,435.445159448372,3.05218925765945,2.91725674189357,4.0857903428777,0.263,0,0,2.70140985035835e-06
"OR2PS2","ET","beta2",1000,1000,0.997525858054098,-0.0247414194590248,2.46885759343271,2.54214228462086,1.02968364452575,2.46774688667021,0.94,9.96501464286651,435.445159448372,3.05218925765945,2.91725674189357,4.0857903428777,0.263,0,0,2.70140985035835e-06
"OR2PS2","Full","beta0",1000,1000,0.499188477718058,-0.00811522281941607,1.22214446936929,1.20879358538145,0.989075854514375,1.22156020062351,0.943,4.73838378418136,NA,NA,NA,NA,0,0,NA,NA
"OR2PS2","Full","beta1",1000,1000,0.797610201768815,0.0261020176881545,1.02178038451451,0.854822749046468,0.836601252090616,1.02160287507026,0.898,3.3508436025932,NA,NA,NA,NA,0,0,NA,NA
"OR2PS2","Full","beta2",1000,1000,0.999207776912554,-0.00792223087445786,1.66988020106141,1.70858574776427,1.02317863681374,1.66906385370753,0.963,6.69753306023281,NA,NA,NA,NA,0,0,NA,NA
"OR2PS2","HD","beta0",1000,1000,0.500208726677471,0.00208726677471329,1.50060843690113,1.54373587626848,1.02873996860661,1.49985939737715,0.965,6.05133343825719,435.422800282185,3.10593593448257,2.93087235953938,4.34952347783566,0.752,0,0,4.88643138231612e-06
"OR2PS2","HD","beta1",1000,1000,0.797856682908841,0.0285668290884122,1.0382785080207,1.03568083042733,0.997498091722694,1.03815234993792,0.947,4.0597942542322,435.422800282185,3.10593593448257,2.93087235953938,4.34952347783566,0.752,0,0,4.88643138231612e-06
"OR2PS2","HD","beta2",1000,1000,0.997413645856996,-0.0258635414300364,2.4695291049255,2.54153688835106,1.02915850770171,2.4684295308656,0.94,9.96264153309614,435.422800282185,3.10593593448257,2.93087235953938,4.34952347783566,0.752,0,0,4.88643138231612e-06
"OR2PS2","IPW","beta0",1000,1000,0.499809484296158,-0.00190515703842221,1.51736377790612,1.55854929199312,1.02714280826174,1.51660610287917,0.967,6.10940096087385,436.579150566318,2.66442753858611,2.6191288373788,3.16935444193696,0,0,NA,NA
"OR2PS2","IPW","beta1",1000,1000,0.793976310421598,-0.0102368957840196,1.56158182995723,1.5318755360027,0.980976793284447,1.56083441398382,0.942,6.00484175872658,436.579150566318,2.66442753858611,2.6191288373788,3.16935444193696,0,0,NA,NA
"OR2PS2","IPW","beta2",1000,1000,0.998450359195453,-0.0154964080454741,2.51462690770582,2.57812778134939,1.0252526024632,2.51341705157252,0.939,10.1060751979739,436.579150566318,2.66442753858611,2.6191288373788,3.16935444193696,0,0,NA,NA
